id,first_name,last_name,email,gender,ip_address
1,Sherie,Rembrandt,srembrandt0@economist.com,Female,157.138.240.241
2,Leonidas,Iianon,liianon1@amazon.co.jp,Male,145.21.84.96
3,Eduard,Gyppes,egyppes2@icio.us,Male,173.215.45.45
4,Burk,Chesher,bchesher3@disqus.com,Male,6.71.184.194
5,Antonino,Cancellario,acancellario4@biglobe.ne.jp,Male,69.191.49.113
6,D'arcy,Minard,dminard5@naver.com,Male,48.1.69.211
7,Candida,Aronson,caronson6@meetup.com,Female,170.74.46.37
8,Jennica,Glennon,jglennon7@reddit.com,Female,70.182.2.149
9,Royal,Wedmore,rwedmore8@skype.com,Male,205.214.40.58
10,Mickie,Rzehor,mrzehor9@washingtonpost.com,Male,68.124.233.43
11,Maurizia,Friatt,mfriatta@rediff.com,Female,129.155.77.16
12,Gunner,Sarah,gsarahb@ucsd.edu,Male,43.215.173.48
13,Bentlee,Birdwhistell,bbirdwhistellc@histats.com,Male,121.6.31.89
14,Thorndike,Larroway,tlarrowayd@hubpages.com,Male,225.130.68.139
15,Giselbert,Okenfold,gokenfolde@github.com,Male,50.162.205.57
16,Perren,Sandcroft,psandcroftf@miitbeian.gov.cn,Male,142.164.72.163
17,Madelin,Alfonsetto,malfonsettog@house.gov,Female,47.0.25.127
18,Flemming,Stairmond,fstairmondh@samsung.com,Male,180.85.198.161
19,Alidia,Bennough,abennoughi@clickbank.net,Female,155.28.197.245
20,Allen,Seaborn,aseabornj@theatlantic.com,Male,65.232.97.185
21,Cybill,Cordes,ccordesk@intel.com,Female,186.186.241.76
22,Filip,Picheford,fpichefordl@sciencedirect.com,Male,245.242.146.58
23,Jarad,Cruise,jcruisem@pbs.org,Male,179.122.89.132
24,Elsworth,Peal,epealn@wiley.com,Male,32.25.169.107
25,Modesta,Mylechreest,mmylechreesto@loc.gov,Female,24.248.68.193
26,Cecilius,Iacomini,ciacominip@pcworld.com,Male,90.84.32.100
27,Farrell,Lohoar,flohoarq@epa.gov,Male,109.47.230.26
28,Andrea,Feeley,afeeleyr@vkontakte.ru,Male,137.70.143.65
29,Haleigh,Beckles,hbeckless@theguardian.com,Female,250.172.179.99
30,Bone,Bartoli,bbartolit@wisc.edu,Male,92.58.29.7
31,Karoly,Bremley,kbremleyu@bloglines.com,Male,234.73.82.125
32,Matthaeus,Jovic,mjovicv@mlb.com,Male,222.198.100.210
33,Gilbertine,Wigfield,gwigfieldw@qq.com,Female,65.192.72.151
34,Gary,Bente,gbentex@51.la,Male,192.63.113.208
35,Arabele,Siggee,asiggeey@cbslocal.com,Female,143.167.184.239
36,Park,Cleen,pcleenz@usnews.com,Male,43.40.9.159
37,Jeniece,Haywood,jhaywood10@fotki.com,Female,159.181.69.153
38,Brunhilda,Emmins,bemmins11@epa.gov,Female,239.250.77.86
39,Bernetta,Lester,blester12@yolasite.com,Female,29.145.221.96
40,Bink,Klampt,bklampt13@theatlantic.com,Male,47.7.49.105
41,Lockwood,Tate,ltate14@seesaa.net,Male,18.246.8.197
42,Ninette,Bagg,nbagg15@cornell.edu,Female,80.252.187.159
43,Bevin,Enoksson,benoksson16@stanford.edu,Male,233.89.119.10
44,Reynolds,Lazar,rlazar17@indiatimes.com,Male,214.49.66.198
45,Darleen,Putman,dputman18@behance.net,Female,247.191.116.172
46,Lanny,MacPaden,lmacpaden19@ustream.tv,Female,29.78.217.78
47,Muffin,Amoore,mamoore1a@pcworld.com,Male,126.173.12.81
48,Dacie,Blaxter,dblaxter1b@is.gd,Female,39.75.23.228
49,Pepito,Hue,phue1c@sfgate.com,Male,125.253.35.192
50,Fae,Passie,fpassie1d@fema.gov,Female,124.195.241.98
51,Allin,Matzke,amatzke1e@webnode.com,Male,116.41.128.125
52,Roxie,Anthoine,ranthoine1f@guardian.co.uk,Female,37.81.167.119
53,Lynna,Broschek,lbroschek1g@nih.gov,Female,155.139.13.241
54,Tabb,Nutton,tnutton1h@cloudflare.com,Male,102.223.107.94
55,Mikel,Braithwait,mbraithwait1i@hhs.gov,Male,252.112.183.173
56,Artair,Loyley,aloyley1j@jimdo.com,Male,240.85.59.186
57,Gary,Arnowitz,garnowitz1k@cdbaby.com,Male,145.235.48.106
58,Harlen,Bernardon,hbernardon1l@examiner.com,Male,157.32.96.202
59,Kirby,Skullet,kskullet1m@drupal.org,Male,250.54.89.70
60,Jamal,Mantha,jmantha1n@mit.edu,Male,146.251.174.80
61,Corinne,Staining,cstaining1o@youku.com,Female,22.47.169.4
62,Kimberley,Kloser,kkloser1p@quantcast.com,Female,157.99.38.244
63,Jeannie,Liccardo,jliccardo1q@ftc.gov,Female,248.252.221.110
64,Colleen,Linnit,clinnit1r@wikia.com,Female,180.41.112.214
65,Lucas,Martinelli,lmartinelli1s@flickr.com,Male,17.224.220.231
66,Krystyna,Roxby,kroxby1t@ow.ly,Female,133.67.210.239
67,Hedi,Worrill,hworrill1u@whitehouse.gov,Female,86.245.217.2
68,Vaughan,Wakelin,vwakelin1v@upenn.edu,Male,51.28.172.168
69,Emilee,Maudlin,emaudlin1w@google.com.au,Female,112.51.233.26
70,Audrey,Stapells,astapells1x@ezinearticles.com,Female,88.201.200.225
71,Jervis,Skarin,jskarin1y@nps.gov,Male,137.108.117.84
72,Lesli,Gantzman,lgantzman1z@infoseek.co.jp,Female,13.174.22.230
73,Kerwinn,Lampen,klampen20@goo.gl,Male,101.24.208.73
74,Nikolai,Olley,nolley21@wikia.com,Male,115.172.222.232
75,Lucita,Hares,lhares22@smugmug.com,Female,15.172.81.140
76,Cozmo,Bachs,cbachs23@skyrock.com,Male,223.216.23.68
77,Marylee,Milne,mmilne24@princeton.edu,Female,23.3.51.230
78,Gaven,Bohike,gbohike25@tiny.cc,Male,81.130.254.153
79,Margarita,Port,mport26@sphinn.com,Female,118.44.151.32
80,Inger,Pickrell,ipickrell27@feedburner.com,Male,44.125.80.103
81,Kassia,Mathwen,kmathwen28@usgs.gov,Female,98.130.36.243
82,Tris,Retallack,tretallack29@senate.gov,Male,34.26.124.74
83,Hillary,Lesmonde,hlesmonde2a@bravesites.com,Female,211.157.57.169
84,Daven,Brain,dbrain2b@cocolog-nifty.com,Male,115.75.204.136
85,Derron,Higgoe,dhiggoe2c@tamu.edu,Male,157.112.11.114
86,Price,Drewet,pdrewet2d@1688.com,Male,42.52.38.86
87,Garrik,Marquess,gmarquess2e@fema.gov,Male,102.162.212.156
88,Courtney,Curd,ccurd2f@usa.gov,Female,48.8.231.228
89,Allx,Swayte,aswayte2g@sun.com,Female,78.121.240.28
90,Ignatius,Kacheller,ikacheller2h@google.co.uk,Male,125.183.253.98
91,Nollie,Glowinski,nglowinski2i@narod.ru,Female,40.156.51.28
92,Bee,Tomasicchio,btomasicchio2j@linkedin.com,Female,74.11.131.255
93,Woodrow,MacPherson,wmacpherson2k@mozilla.com,Male,22.103.245.124
94,Fredi,Asp,fasp2l@opensource.org,Female,238.199.120.45
95,Rene,Krimmer,rkrimmer2m@liveinternet.ru,Female,120.20.104.117
96,Anjanette,Danilovitch,adanilovitch2n@cnn.com,Female,133.66.38.58
97,Hadrian,Mcettrick,hmcettrick2o@tiny.cc,Male,126.77.99.170
98,Tana,Pardew,tpardew2p@cam.ac.uk,Female,112.3.205.19
99,Zack,Sterry,zsterry2q@infoseek.co.jp,Male,114.139.190.119
100,Inessa,Lockhead,ilockhead2r@sohu.com,Female,146.11.117.159
101,Sela,Bransgrove,sbransgrove2s@netlog.com,Female,25.127.179.5
102,Vernon,Purseglove,vpurseglove2t@imdb.com,Male,224.103.107.133
103,Demott,Thiolier,dthiolier2u@si.edu,Male,5.67.145.10
104,Elroy,Gilding,egilding2v@blogtalkradio.com,Male,111.203.145.34
105,Marcela,McCrone,mmccrone2w@opensource.org,Female,230.121.79.145
106,Milly,Prendergrast,mprendergrast2x@dyndns.org,Female,106.20.221.93
107,Orbadiah,Ludlom,oludlom2y@wordpress.org,Male,224.17.95.100
108,Keene,Hogben,khogben2z@hubpages.com,Male,152.68.206.142
109,Tammy,Bielefeld,tbielefeld30@loc.gov,Female,138.73.49.249
110,Remy,Blaisdell,rblaisdell31@macromedia.com,Female,19.129.255.4
111,Donni,Gilhooley,dgilhooley32@dropbox.com,Female,15.21.82.77
112,Kingsly,Sarrell,ksarrell33@foxnews.com,Male,228.253.169.61
113,Guthrey,Emmanuele,gemmanuele34@tumblr.com,Male,212.201.228.14
114,Blakelee,Pride,bpride35@joomla.org,Female,210.159.200.167
115,Lainey,Spurret,lspurret36@ustream.tv,Female,200.106.166.188
116,Berte,Schrinel,bschrinel37@desdev.cn,Female,94.137.138.56
117,Guthrey,Dalrymple,gdalrymple38@flavors.me,Male,79.116.74.170
118,Lowe,Bridal,lbridal39@java.com,Male,203.244.32.26
119,Traver,Tordiffe,ttordiffe3a@cbsnews.com,Male,69.12.61.83
120,Gram,Leveritt,gleveritt3b@hugedomains.com,Male,209.235.150.176
121,Mavra,Rothon,mrothon3c@baidu.com,Female,21.160.12.170
122,George,Rich,grich3d@shinystat.com,Female,57.127.78.26
123,Kirby,Rivel,krivel3e@narod.ru,Female,36.16.11.88
124,Ginger,Patrono,gpatrono3f@uiuc.edu,Female,143.250.207.233
125,Aloin,Mc Ilory,amcilory3g@mozilla.org,Male,161.198.45.128
126,Staford,Durant,sdurant3h@jiathis.com,Male,29.235.88.191
127,Beatrisa,Godsmark,bgodsmark3i@github.com,Female,18.44.9.61
128,Tana,Corde,tcorde3j@pagesperso-orange.fr,Female,190.99.75.146
129,Yasmin,Southcoat,ysouthcoat3k@altervista.org,Female,0.232.98.86
130,Lem,Pinkerton,lpinkerton3l@lycos.com,Male,186.160.26.204
131,Willa,Ludlem,wludlem3m@wix.com,Female,61.50.13.51
132,Lutero,Nannini,lnannini3n@blogspot.com,Male,37.138.184.181
133,Gregoire,Trench,gtrench3o@mozilla.com,Male,211.175.78.131
134,Tymothy,Presnail,tpresnail3p@nymag.com,Male,97.221.93.200
135,Kippar,Sandyford,ksandyford3q@yellowpages.com,Male,247.187.21.134
136,Inness,Iacobetto,iiacobetto3r@ebay.com,Male,123.83.204.100
137,Elysia,Garvin,egarvin3s@fda.gov,Female,227.8.189.211
138,Katleen,McHenry,kmchenry3t@tamu.edu,Female,38.75.104.107
139,Ado,Haydn,ahaydn3u@feedburner.com,Male,169.112.12.134
140,Joletta,Carruthers,jcarruthers3v@vistaprint.com,Female,231.54.85.98
141,Garvin,Arghent,garghent3w@irs.gov,Male,117.112.60.128
142,Meier,Craigmyle,mcraigmyle3x@archive.org,Male,13.159.48.110
143,Wolfgang,Gandar,wgandar3y@imageshack.us,Male,79.225.223.146
144,Georgi,Somerset,gsomerset3z@fc2.com,Male,76.204.155.227
145,Amalle,Chiddy,achiddy40@altervista.org,Female,208.243.157.185
146,Cletus,Minor,cminor41@slideshare.net,Male,202.18.85.173
147,Elva,Dowbakin,edowbakin42@ezinearticles.com,Female,92.47.13.58
148,Tessie,Girt,tgirt43@usatoday.com,Female,26.127.109.157
149,Marion,Leyton,mleyton44@eventbrite.com,Female,163.2.212.134
150,Consuelo,Hyrons,chyrons45@wufoo.com,Female,244.4.10.221
151,Red,Phillippo,rphillippo46@soup.io,Male,84.102.63.197
152,Carolann,Slee,cslee47@omniture.com,Female,235.98.218.161
153,Barbaraanne,Ruddock,bruddock48@yahoo.co.jp,Female,169.46.163.70
154,Kerrie,Venour,kvenour49@dot.gov,Female,70.218.84.113
155,Hube,McTurk,hmcturk4a@umn.edu,Male,42.55.180.67
156,Carolina,Confort,cconfort4b@house.gov,Female,219.107.11.247
157,Jaynell,Keeves,jkeeves4c@de.vu,Female,236.184.121.57
158,Layney,Wyd,lwyd4d@reverbnation.com,Female,14.197.170.79
159,Riley,Shorton,rshorton4e@hostgator.com,Male,167.24.196.47
160,Sher,Newlands,snewlands4f@bravesites.com,Female,238.27.168.196
161,Alanah,D'Aguanno,adaguanno4g@cornell.edu,Female,128.20.35.42
162,Giles,Tilt,gtilt4h@mac.com,Male,18.82.104.215
163,Skipp,Pitchford,spitchford4i@ezinearticles.com,Male,81.118.182.148
164,Jean,Springall,jspringall4j@reverbnation.com,Male,59.236.51.233
165,Vanya,Robbins,vrobbins4k@google.pl,Female,229.22.43.230
166,Andrey,McWhan,amcwhan4l@domainmarket.com,Male,42.23.190.40
167,Wynn,Kernock,wkernock4m@mayoclinic.com,Female,166.91.55.10
168,Lexi,Gorwood,lgorwood4n@creativecommons.org,Female,174.81.13.63
169,Dolorita,Asche,dasche4o@quantcast.com,Female,60.227.24.114
170,Ellissa,Curedell,ecuredell4p@vimeo.com,Female,139.141.46.145
171,Chrystel,Gigg,cgigg4q@sfgate.com,Female,225.248.29.254
172,Christophorus,MacCard,cmaccard4r@surveymonkey.com,Male,164.43.86.139
173,Merv,Kerridge,mkerridge4s@amazonaws.com,Male,27.34.181.166
174,Adelind,Leathard,aleathard4t@google.es,Female,66.113.118.178
175,Gris,Shuxsmith,gshuxsmith4u@sun.com,Male,215.49.5.62
176,Renault,Scorthorne,rscorthorne4v@list-manage.com,Male,0.191.206.167
177,Shellie,Knutton,sknutton4w@mapy.cz,Female,238.68.165.94
178,Ashely,Rathke,arathke4x@webs.com,Female,58.157.251.177
179,Valentine,De la Feld,vdelafeld4y@dropbox.com,Female,201.30.129.176
180,Obie,Crinkley,ocrinkley4z@amazon.com,Male,195.133.164.12
181,Derek,Scutchin,dscutchin50@wordpress.com,Male,39.77.172.123
182,Noam,Rozenzweig,nrozenzweig51@sohu.com,Male,66.59.230.161
183,Farlee,Perkis,fperkis52@uiuc.edu,Male,228.245.51.143
184,Marshall,Keyson,mkeyson53@123-reg.co.uk,Male,194.232.83.70
185,Bartolemo,O'Geneay,bogeneay54@twitter.com,Male,175.232.57.83
186,Jobie,Bellelli,jbellelli55@techcrunch.com,Female,118.222.123.35
187,Kerby,Zannuto,kzannuto56@goodreads.com,Male,114.188.140.83
188,Dolph,Mapston,dmapston57@cdc.gov,Male,128.255.12.246
189,Mikel,Dinnage,mdinnage58@telegraph.co.uk,Male,234.243.169.158
190,Nadya,Itscowics,nitscowics59@bloglines.com,Female,140.153.7.108
191,Kyle,Darker,kdarker5a@aol.com,Female,34.61.96.174
192,Malissia,Mimmack,mmimmack5b@histats.com,Female,193.7.196.227
193,Harmonie,Lill,hlill5c@freewebs.com,Female,80.238.253.175
194,Vitoria,Islep,vislep5d@webmd.com,Female,52.120.94.102
195,Sly,Kernaghan,skernaghan5e@sciencedaily.com,Male,74.10.59.7
196,Adan,Girodon,agirodon5f@chicagotribune.com,Male,175.188.251.75
197,Elora,Boards,eboards5g@jalbum.net,Female,199.118.179.212
198,Derby,Grennan,dgrennan5h@odnoklassniki.ru,Male,229.97.158.91
199,Neile,Dimic,ndimic5i@alibaba.com,Female,225.145.240.175
200,Sterling,Bach,sbach5j@uiuc.edu,Male,189.205.70.86
201,Ari,Rosettini,arosettini5k@google.ca,Male,15.56.64.197
202,Rafferty,Johnsson,rjohnsson5l@wikimedia.org,Male,154.23.118.17
203,Gloria,Weightman,gweightman5m@g.co,Female,246.51.94.20
204,Trixy,Laurisch,tlaurisch5n@list-manage.com,Female,114.111.68.163
205,Rodrique,Agget,ragget5o@independent.co.uk,Male,4.7.9.102
206,Zaneta,Searson,zsearson5p@whitehouse.gov,Female,217.225.103.249
207,Noak,Iannuzzi,niannuzzi5q@hud.gov,Male,147.84.99.118
208,Cassie,Leopard,cleopard5r@imdb.com,Male,55.61.204.255